<?xml version="1.0" encoding="utf-8" ?>
<dwsync>
<file name="sa_listTop.gif" server="C:/Servidor/www/Messi/trunk/" local="128880405018046880" remote="128880405010000000" />
<file name="sa_sortBy_tabR.gif" server="C:/Servidor/www/Messi/trunk/" local="128880411734609376" remote="128880411730000000" />
<file name="sa_sortBy_tabL.gif" server="C:/Servidor/www/Messi/trunk/" local="128880153440080000" remote="128880153440000000" />
<file name="sa_sortBy_tabR_on.gif" server="C:/Servidor/www/Messi/trunk/" local="128880183891640000" remote="128880183890000000" />
<file name="sa_sortBy_tabL_on.gif" server="C:/Servidor/www/Messi/trunk/" local="128880184212230000" remote="128880184210000000" />
<file name="btnStyle2_right.gif" server="C:/Servidor/www/Messi/trunk/" local="128877887502820514" remote="128877887500000000" />
<file name="btnStyle2_left.gif" server="C:/Servidor/www/Messi/trunk/" local="128880177133630000" remote="128880177130000000" />
<file name="bg_searchAttribProdRight4.gif" server="C:/Servidor/www/Messi/trunk/" local="128880186117090000" remote="128880186110000000" />
<file name="featuredBrands_top.gif" server="C:/Servidor/www/Messi/trunk/" local="128880395745898432" remote="128880395740000000" />
<file name="featuredBrands_bottom.gif" server="C:/Servidor/www/Messi/trunk/" local="128880391506796880" remote="128880391500000000" />
<file name="sa_filters_background_l_a.gif" server="C:/Servidor/www/Messi/trunk/" local="128880420258828128" remote="128880420250000000" />
<file name="sa_filters_background_lfirst_off.gif" server="C:/Servidor/www/Messi/trunk/" local="128880422911328128" remote="128880422910000000" />
<file name="sa_filters_background_lfirst_on.gif" server="C:/Servidor/www/Messi/trunk/" local="128880436033046880" remote="128880436030000000" />
<file name="sa_filters_arrow_r.gif" server="C:/Servidor/www/Messi/trunk/" local="128880100416130000" remote="128880100410000000" />
<file name="sa_filters_arrow_d.gif" server="C:/Servidor/www/Messi/trunk/" local="128880100414650000" remote="128880100410000000" />
<file name="sa_filters_lbottom_bckg2.gif" server="C:/Servidor/www/Messi/trunk/" local="128880425916992192" remote="128880425910000000" />
<file name="pagination_leftCorner.gif" server="C:/Servidor/www/Messi/trunk/" local="128880415177187504" remote="128880415170000000" />
<file name="pagination_rightCorner.gif" server="C:/Servidor/www/Messi/trunk/" local="128880416651757808" remote="128880416650000000" />
<file name="sa_bottomR_pagination_btn.gif" server="C:/Servidor/www/Messi/trunk/" local="128879358466706006" remote="128879358460000000" />
<file name="sa_bottomL_pagination_btn.gif" server="C:/Servidor/www/Messi/trunk/" local="128879358469156006" remote="128879358460000000" />
<file name="search_gridView_background.gif" server="C:/Servidor/www/Messi/trunk/" local="128880100419630000" remote="128880100410000000" />
<file name="gridView_merchantBckg.gif" server="C:/Servidor/www/Messi/trunk/" local="128880100419040000" remote="128880100410000000" />
<file name="comparePricesBtn2_l.gif" server="C:/Servidor/www/Messi/trunk/" local="128880430516834104" remote="128880430510000000" />
<file name="comparePricesBtn2_r.gif" server="C:/Servidor/www/Messi/trunk/" local="128880430980954104" remote="128880430980000000" />
<file name="gridView_optSeparator.gif" server="C:/Servidor/www/Messi/trunk/" local="128879358465066006" remote="128879358460000000" />
<file name="sa_filters_seemoreArrow.gif" server="C:/Servidor/www/Messi/trunk/" local="128880100414120000" remote="128880100410000000" />
<file name="sa_filters_hideArrow.gif" server="C:/Servidor/www/Messi/trunk/" local="128880100414120000" remote="128880100410000000" />
<file name="sa_filters_li_on_bckg.gif" server="C:/Servidor/www/Messi/trunk/" local="128880427972343744" remote="128880427970000000" />
<file name="pg_container_top.jpg" server="C:/Servidor/www/Messi/trunk/" local="128880362123359376" remote="128880362120000000" />
<file name="pg_container_body.jpg" server="C:/Servidor/www/Messi/trunk/" local="128880362521374104" remote="128880362520000000" />
<file name="pg_contaiiner_bottom.jpg" server="C:/Servidor/www/Messi/trunk/" local="128880362308134104" remote="128880362300000000" />
<file name="banner_futbol.jpg" server="C:/Servidor/www/Messi/trunk/" local="128880689404765632" remote="128880689400000000" />
<file name="banner_login.jpg" server="C:/Servidor/www/Messi/trunk/" local="128880755660078128" remote="128880755660000000" />
</dwsync>